item_id,category,model,judge_model,correct,score,hallucination_detected,hallucination_note,judge_reasoning,judge_ok,judge_error
k8s_02,k8s_manifest,qwen2.5:7B,qwen2.5:7B,True,5,False,,"The AI correctly identified the core issue of `spec.hostPID` being set to `true`, which aligns with the ground truth. The findings are well-justified and relevant.",True,
k8s_03,k8s_manifest,qwen2.5:7B,qwen2.5:7B,True,5,False,,"The AI correctly identified the core security issue with `spec.hostNetwork: true` and provided a clear recommendation, aligning with the ground truth.",True,
k8s_04,k8s_manifest,qwen2.5:7B,qwen2.5:7B,True,5,False,,"The AI correctly identified the core security issue related to `runAsNonRoot` and aligned it with the correct CIS control ID, without introducing any unsupported facts.",True,
k8s_05,k8s_manifest,qwen2.5:7B,qwen2.5:7B,True,5,False,,The AI correctly identified the core issue of `allowPrivilegeEscalation` being set to `true` and provided a clear recommendation to set it to `false`. The other findings are accurate but not directly related to the ground truth.,True,
k8s_10,k8s_manifest,qwen2.5:7B,qwen2.5:7B,True,5,False,,"The AI correctly identified the broad 'system:authenticated' group as a potential security risk, which aligns with the ground truth provided.",True,
k8s_11,k8s_manifest,qwen2.5:7B,qwen2.5:7B,True,5,False,,"The AI correctly identified the core issue of the `roleRef.name` being set to 'cluster-admin' instead of 'app-reader', aligning with the ground truth.",True,
k8s_15,k8s_manifest,qwen2.5:7B,qwen2.5:7B,True,5,False,,"The AI correctly identified the core issue of the `podSelector` not being specified, aligning with the ground truth. The detailed breakdown of each field and recommended fixes further supports the accuracy of the analysis.",True,
os_03,os_config,qwen2.5:7B,qwen2.5:7B,True,5,False,,"The AI correctly identified the issue with 'admin_space_left_action' and provided the appropriate recommendation based on the CIS Benchmark, matching the ground truth.",True,
os_04,os_config,qwen2.5:7B,qwen2.5:7B,True,5,False,,The AI correctly identified the issue with 'disk_full_action' set to 'ignore' and did not introduce any unsupported facts.,True,
os_07,os_config,qwen2.5:7B,qwen2.5:7B,True,5,False,,"The AI correctly identified the core security issue of `PermitRootLogin` being set to `yes` and aligned the explanation with the ground truth, even though it did not provide a specific CIS control ID.",True,
os_08,os_config,qwen2.5:7B,qwen2.5:7B,True,5,False,,"The AI correctly identified the core security issue of 'PasswordAuthentication' being set to 'yes' and suggested it should be 'no', aligning with the ground truth.",True,
os_09,os_config,qwen2.5:7B,qwen2.5:7B,True,5,False,,"The AI correctly identified the core issue of X11 forwarding being set to 'yes' instead of 'no', aligning with the ground truth. The AI's response was detailed and relevant, though the response format was incomplete.",True,
os_14,os_config,qwen2.5:7B,qwen2.5:7B,True,5,False,,"The AI correctly identified the misconfiguration and aligned it with the ground truth, even though it did not use the exact CIS control ID.",True,
os_15,os_config,qwen2.5:7B,qwen2.5:7B,True,5,False,,The AI correctly identified the issue with the 'LoginGraceTime:120' setting and provided a well-reasoned explanation based on the CIS Benchmark recommendations.,True,
os_16,os_config,qwen2.5:7B,qwen2.5:7B,True,4,False,,"The AI correctly identified the issue with net.ipv4.ip_forward and provided a detailed response for other settings, though it did not cover all settings mentioned in the ground truth.",True,
os_17,os_config,qwen2.5:7B,qwen2.5:7B,True,5,False,,The AI correctly identified the core issue of misconfiguration for `net.ipv4.conf.all.send_redirects` and provided accurate reasoning and recommendations based on the CIS Benchmark.,True,
os_18,os_config,qwen2.5:7B,qwen2.5:7B,True,5,False,,The AI correctly identified the issue with 'net.ipv4.conf.all.accept_redirects:1' and aligned it with the appropriate CIS control.,True,
os_19,os_config,qwen2.5:7B,qwen2.5:7B,True,5,False,,The AI correctly identified the issue with 'net.ipv4.conf.all.accept_source_route' and provided a relevant CIS control ID.,True,
os_20,os_config,qwen2.5:7B,qwen2.5:7B,True,5,False,,"The AI correctly identified the misconfiguration and provided the appropriate CIS control ID, recommended value, and reasoning.",True,
os_21,os_config,qwen2.5:7B,qwen2.5:7B,True,4,False,,"The AI correctly identified the misconfiguration for 'net.ipv4.conf.all.log_martians' and provided a relevant explanation, though it listed additional settings not relevant to the ground truth.",True,
os_22,os_config,qwen2.5:7B,qwen2.5:7B,True,5,False,,"The AI correctly identified the issue with `net.ipv4.tcp_syncookies` and provided accurate reasoning and recommended value, aligning with the CIS Benchmark.",True,
os_23,os_config,qwen2.5:7B,qwen2.5:7B,True,4,False,,"The AI correctly identified the core issue of kernel.randomize_va_space being set to 0, which is against the CIS Benchmark recommendation. However, it does not directly state the exact CIS control ID as specified in the ground truth.",True,
os_24,os_config,qwen2.5:7B,qwen2.5:7B,False,2,True,"The AI did not identify the specific setting `net.ipv6.conf.all.accept_ra` as misconfigured, nor did it provide the correct value of `1`.",The AI failed to identify the specific finding from the ground truth and did not mention the correct setting `net.ipv6.conf.all.accept_ra`.,True,
os_25,os_config,qwen2.5:7B,qwen2.5:7B,False,2,True,"The AI did not identify the specific misconfiguration mentioned in the ground truth (net.ipv4.conf.all.rp_filter:0 instead of 1). Instead, it reviewed other settings.",The AI missed the specific misconfiguration highlighted in the ground truth but provided a relevant analysis of other security settings.,True,
k8s_02,k8s_manifest,deepseek-coder-v2:16B,qwen2.5:7B,True,5,False,,"The AI correctly identified the issue with 'spec.hostPID' being set to true, which aligns with the ground truth. The explanation and recommended fix are accurate and relevant.",True,
k8s_03,k8s_manifest,deepseek-coder-v2:16B,qwen2.5:7B,True,5,False,,"The AI correctly identified the issue of `spec.hostNetwork` being set to true, which is a security risk, and provided a clear recommendation to set it to false.",True,
k8s_04,k8s_manifest,deepseek-coder-v2:16B,qwen2.5:7B,True,5,False,,"The AI correctly identified the core security issue of `runAsNonRoot` not being set to true, aligning with the ground truth. The response is comprehensive and accurate without any unsupported claims.",True,
k8s_05,k8s_manifest,deepseek-coder-v2:16B,qwen2.5:7B,True,5,False,,"The AI correctly identified the core security issue of `allowPrivilegeEscalation` being set to `true`, which aligns with the ground truth. The rest of the findings are accurate and relevant.",True,
k8s_10,k8s_manifest,deepseek-coder-v2:16B,qwen2.5:7B,True,5,False,,"The AI correctly identified the issue with the subject kind and name, aligning with the ground truth.",True,
k8s_11,k8s_manifest,deepseek-coder-v2:16B,qwen2.5:7B,True,5,False,,"The AI correctly identified the core security issue of a role with excessive privileges (cluster-admin) and an incorrect roleRef name, matching the ground truth.",True,
k8s_15,k8s_manifest,deepseek-coder-v2:16B,qwen2.5:7B,True,5,False,,"The AI correctly identified the issue with the `podSelector` not being specified, aligning with the ground truth, and did not introduce any unsupported facts.",True,
os_03,os_config,deepseek-coder-v2:16B,qwen2.5:7B,True,5,False,,The AI correctly identified the 'admin_space_left_action' misconfiguration and aligned its analysis with the CIS Benchmark requirements.,True,
os_04,os_config,deepseek-coder-v2:16B,qwen2.5:7B,True,5,False,,"The AI correctly identified the issue with the 'disk_full_action' setting and aligned it with the ground truth, providing accurate reasoning and recommendations.",True,
os_07,os_config,deepseek-coder-v2:16B,qwen2.5:7B,True,4,False,,"The AI correctly identified the core security issue of 'PermitRootLogin' set to 'yes' and provided relevant CIS control and recommendation. However, it went into detail about other settings which were not required for the specific ground truth.",True,
os_08,os_config,deepseek-coder-v2:16B,qwen2.5:7B,False,2,True,AI incorrectly stated that 'PasswordAuthentication' should be 'yes' when it should be 'no' according to the ground truth.,"AI misinterpreted the requirement for 'PasswordAuthentication', leading to an incorrect recommendation. Other aspects of the analysis were not aligned with the ground truth.",True,
os_09,os_config,deepseek-coder-v2:16B,qwen2.5:7B,True,5,False,,The AI correctly identified the core issue of X11Forwarding being set to 'yes' and provided the relevant CIS control ID.,True,
os_14,os_config,deepseek-coder-v2:16B,qwen2.5:7B,True,5,False,,"The AI correctly identified the 'IgnoreRhosts' setting as 'no', aligning with the ground truth, and provided a clear rationale.",True,
os_15,os_config,deepseek-coder-v2:16B,qwen2.5:7B,True,5,False,,"The AI correctly identified the 'LoginGraceTime' setting and its discrepancy from the CIS Benchmark recommendation, even though it did not include this in the detailed misconfigurations list.",True,
os_16,os_config,deepseek-coder-v2:16B,qwen2.5:7B,True,5,False,,"The AI correctly identified the core issue of net.ipv4.ip_forward being set to 1, which aligns with the ground truth. The AI provided relevant reasoning and did not introduce unsupported facts.",True,
os_17,os_config,deepseek-coder-v2:16B,qwen2.5:7B,True,5,False,,The AI correctly identified the misconfiguration and aligned it with the correct CIS Benchmark control ID and recommendation.,True,
os_18,os_config,deepseek-coder-v2:16B,qwen2.5:7B,True,4,False,,"The AI correctly identified the issue with the 'net.ipv4.conf.all.accept_redirects' setting being set to 1, aligning with the ground truth. However, the AI provided additional findings that, while relevant, were not asked to be evaluated.",True,
os_19,os_config,deepseek-coder-v2:16B,qwen2.5:7B,True,5,False,,"The AI correctly identified the issue with 'net.ipv4.conf.all.accept_source_route' being set to 1, which aligns with the ground truth. The substance of the analysis is accurate and relevant.",True,
os_20,os_config,deepseek-coder-v2:16B,qwen2.5:7B,True,5,False,,"The AI correctly identified the misconfiguration and stated the correct recommended value for 'net.ipv4.icmp_echo_ignore_broadcasts' as 1, aligning with the ground truth.",True,
os_21,os_config,deepseek-coder-v2:16B,qwen2.5:7B,True,5,False,,"The AI correctly identified the core security issue and the setting that needs to be changed, matching the ground truth.",True,
os_22,os_config,deepseek-coder-v2:16B,qwen2.5:7B,True,4,False,,"The AI correctly identified the misconfiguration for `net.ipv4.tcp_syncookies` and provided a valid reasoning. However, it did not match the exact control ID (CIS-1.1.18) as specified in the ground truth.",True,
os_23,os_config,deepseek-coder-v2:16B,qwen2.5:7B,True,5,False,,The AI correctly identified that the `kernel.randomize_va_space` setting is configured correctly and aligns with CIS Benchmark best practices.,True,
os_24,os_config,deepseek-coder-v2:16B,qwen2.5:7B,False,2,True,"The AI did not address the provided setting 'net.ipv6.conf.all.accept_ra', which was part of the ground truth.",The AI missed a critical configuration setting and provided analysis for unrelated settings.,True,
os_25,os_config,deepseek-coder-v2:16B,qwen2.5:7B,False,2,True,"The AI did not identify the specific issue mentioned in the ground truth, which is about 'net.ipv4.conf.all.rp_filter' being set to 0 instead of 1.","The AI did not address the specific issue of 'net.ipv4.conf.all.rp_filter' as stated in the ground truth, which is a misconfiguration according to the CIS Benchmark.",True,
k8s_02,k8s_manifest,phi3.5:latest,qwen2.5:7B,True,5,False,,"The AI correctly identified the core issue of `spec.hostPID` being a potential risk, aligned with the ground truth, and provided a well-reasoned analysis without any unsupported claims.",True,
k8s_03,k8s_manifest,phi3.5:latest,qwen2.5:7B,True,5,False,,The AI correctly identified the core security issue related to `hostNetwork: true` as per the ground truth and provided a detailed analysis of the manifest without adding unsupported facts.,True,
k8s_04,k8s_manifest,phi3.5:latest,qwen2.5:7B,True,5,False,,"The AI correctly identified the core security issue of `securityContext.runAsNonRoot` being set to true, which aligns with the ground truth. The response was well-structured and included relevant findings without any unsupported facts.",True,
k8s_05,k8s_manifest,phi3.5:latest,qwen2.5:7B,True,5,False,,"The AI correctly identified the core issue of 'allowPrivilegeEscalation' being set to true, which aligns with the ground truth. The reasoning and additional findings are relevant and well-structured.",True,
k8s_10,k8s_manifest,phi3.5:latest,qwen2.5:7B,True,5,False,,"The AI correctly identified the issue with the `system:authenticated` group being used in the `subject.kind` field, which aligns with the ground truth provided.",True,
k8s_11,k8s_manifest,phi3.5:latest,qwen2.5:7B,True,5,False,,"The AI correctly identified the core security issue of the ClusterRole having broad 'get' permissions on secrets, and aligned this with the correct CIS control ID.",True,
k8s_15,k8s_manifest,phi3.5:latest,qwen2.5:7B,True,5,False,,"The AI correctly identified the issue of 'podSelector not specified' and provided detailed reasoning and related CIS control, aligning with the ground truth.",True,
os_03,os_config,phi3.5:latest,qwen2.5:7B,True,5,False,,The AI correctly identified the issue with the 'admin_space_left_action' setting and provided a recommendation aligned with the CIS Benchmark. The reasoning and other issues mentioned are also relevant and accurate.,True,
os_04,os_config,phi3.5:latest,qwen2.5:7B,True,5,False,,"The AI correctly identified the core issue of 'disk_full_action' being set to 'ignore' and not 'halt', aligning with the ground truth. The analysis and recommendations were thorough and accurate.",True,
os_07,os_config,phi3.5:latest,qwen2.5:7B,True,5,False,,The AI correctly identified the core issue of 'PermitRootLogin' being set to 'yes' as a misconfiguration against the CIS Benchmark best practices.,True,
os_08,os_config,phi3.5:latest,qwen2.5:7B,True,5,False,,The AI correctly identified the core issue of PasswordAuthentication being set to 'yes' and provided relevant CIS control information.,True,
os_09,os_config,phi3.5:latest,qwen2.5:7B,True,4,False,,"The AI correctly identified the X11 forwarding setting as a misconfiguration and linked it to the appropriate CIS control, though it did not explicitly state the issue as 'set to yes instead of no' as the ground truth did.",True,
os_14,os_config,phi3.5:latest,qwen2.5:7B,False,2,True,The AI identified a LogLevel issue where none was present in the ground truth.,"The AI incorrectly identified a LogLevel issue in the provided configuration, while the ground truth highlighted an IgnoreRhosts issue. The AI did not correctly address the specific configuration file (sshd_config) mentioned in the ground truth.",True,
os_15,os_config,phi3.5:latest,qwen2.5:7B,False,2,True,The AI provided a misconfiguration for 'IgnoreRhosts' which was not mentioned in the ground truth.,"The AI did not correctly identify the specific issue related to 'LoginGraceTime' as stated in the ground truth. Additionally, it introduced a new misconfiguration for 'IgnoreRhosts' which was not relevant to the given context.",True,
os_16,os_config,phi3.5:latest,qwen2.5:7B,True,4,False,,"The AI correctly identified the issue with net.ipv4.ip_forward:1, aligning with the ground truth. However, it missed other aspects like the exact configuration file being reviewed and the comprehensive response regarding net.ipv4.conf.all.send_redirects and net.ipv4.conf.all.accept_redirects.",True,
os_17,os_config,phi3.5:latest,qwen2.5:7B,True,4,False,,"The AI correctly identified the misconfiguration for 'net.ipv4.conf.all.send_redirects' and provided the correct CIS control ID, though it incorrectly suggested a remediation value of 0 instead of 1 as per the ground truth.",True,
os_18,os_config,phi3.5:latest,qwen2.5:7B,True,5,False,,The AI correctly identified the misconfiguration for `net.ipv4.conf.all.accept_redirects` and the overall reasoning aligns with the ground truth.,True,
os_19,os_config,phi3.5:latest,qwen2.5:7B,False,2,True,AI mentioned 'net.ipv4.icmp_echo_ignored_unused' which is not in the provided configuration.,"AI did not identify the correct setting and provided irrelevant information, but the overall structure is similar.",True,
os_20,os_config,phi3.5:latest,qwen2.5:7B,True,5,False,,The AI correctly identified the core security issue and aligned the misconfiguration with the correct CIS control.,True,
os_21,os_config,phi3.5:latest,qwen2.5:7B,True,4,False,,"The AI correctly identified the core issue of misconfiguration for 'net.ipv4.conf.all.log_martians' but did not address the specific CIS control and recommended value, which are present in the ground truth.",True,
os_22,os_config,phi3.5:latest,qwen2.5:7B,False,2,True,AI generated incorrect findings not aligned with the provided sysctl config snippet.,"AI did not correctly identify the core issue of 'net.ipv4.tcp_syncookies' setting, instead generated unrelated findings based on other sysctl settings.",True,
os_23,os_config,phi3.5:latest,qwen2.5:7B,False,2,True,The AI incorrectly identified multiple misconfigurations that were not present in the ground truth.,"The AI identified several misconfigurations that were not present in the ground truth, specifically 'net.ipv4.ip_forward', 'net.ipv4.conf.all.send_redirects', and 'net.ipv4.conf.all.accept_redirects'. These were not part of the provided configuration snippet and thus are hallucinations.",True,
os_24,os_config,phi3.5:latest,qwen2.5:7B,False,2,True,AI mentioned 'net.ipv4.ip_forward' misconfiguration which was not in the ground truth.,"The AI did not correctly identify the core issue mentioned in the ground truth, and introduced a new misconfiguration not present in the original file.",True,
os_25,os_config,phi3.5:latest,qwen2.5:7B,True,4,False,,"The AI correctly identified the core security issue with the 'net.ipv4.conf.all.rp_filter' setting and provided a detailed analysis of other misconfigurations, though the overall risk assessment was slightly off.",True,
k8s_02,k8s_manifest,llama3.1:8B,qwen2.5:7B,True,5,False,,The AI correctly identified the issue with `spec.hostPID` and provided the correct CIS control ID.,True,
k8s_03,k8s_manifest,llama3.1:8B,qwen2.5:7B,False,2,True,AI incorrectly identified 'spec.containers.securityContext.runAsNonRoot' and 'spec.containers.securityContext.allowPrivilegeEscalation' as issues when they were not part of the ground truth.,"The AI did not correctly identify the core security issue related to 'spec.hostNetwork', and additionally identified unrelated fields as issues.",True,
k8s_04,k8s_manifest,llama3.1:8B,qwen2.5:7B,False,2,True,"The AI identified issues with resource limits and requests, which were not related to the ground truth.","The AI did not address the `securityContext.runAsNonRoot` setting, which was the core issue as per the ground truth.",True,
k8s_05,k8s_manifest,llama3.1:8B,qwen2.5:7B,True,5,False,,"The AI correctly identified the issue with `allowPrivilegeEscalation` and provided a clear recommendation to set it to `false`, matching the ground truth.",True,
k8s_10,k8s_manifest,llama3.1:8B,qwen2.5:7B,True,5,False,,"The AI correctly identified the typo in the 'verbs' field, which aligns with the ground truth, and provided a high level of detail without any unsupported claims.",True,
k8s_11,k8s_manifest,llama3.1:8B,qwen2.5:7B,True,5,False,,"The AI correctly identified the core issue of the `roleRef` name being set to `cluster-admin` and not `app-reader`, aligning with the ground truth. The reasoning and findings are well-structured and relevant to the security analysis.",True,
k8s_15,k8s_manifest,llama3.1:8B,qwen2.5:7B,True,4,False,,"The AI correctly identified the lack of podSelector in the NetworkPolicy, although it provided additional details not directly relevant to the specific issue.",True,
os_03,os_config,llama3.1:8B,qwen2.5:7B,True,5,False,,"The AI correctly identified the issue with 'admin_space_left_action' and provided a well-justified reasoning and recommendation, aligning with the ground truth.",True,
os_04,os_config,llama3.1:8B,qwen2.5:7B,True,5,False,,"The AI correctly identified the issue with 'disk_full_action' and stated the appropriate recommended value 'halt', matching the ground truth.",True,
os_07,os_config,llama3.1:8B,qwen2.5:7B,True,5,False,,The AI correctly identified the PermitRootLogin setting as a misconfiguration and aligned with the ground truth.,True,
os_08,os_config,llama3.1:8B,qwen2.5:7B,True,5,False,,"The AI correctly identified the same core security issue as the ground truth, and did not introduce any unsupported facts.",True,
os_09,os_config,llama3.1:8B,qwen2.5:7B,False,1,True,The AI did not identify the X11 forwarding issue mentioned in the ground truth.,"The AI missed the critical X11 forwarding issue and only addressed other settings, leading to an incorrect overall assessment.",True,
os_14,os_config,llama3.1:8B,qwen2.5:7B,False,2,True,The AI incorrectly identified multiple misconfigurations and did not address the IgnoreRhosts setting.,The AI failed to identify the critical issue with the IgnoreRhosts setting and made several unfounded claims about other settings.,True,
os_15,os_config,llama3.1:8B,qwen2.5:7B,False,2,True,"The AI did not identify the LoginGraceTime setting issue, which was present in the ground truth.",The AI missed the LoginGraceTime setting issue and did not address the specific CIS control related to it.,True,
os_16,os_config,llama3.1:8B,qwen2.5:7B,True,4,False,,"The AI correctly identified the core issue of IP forwarding being enabled, aligning with the ground truth. However, the response was overly detailed and included unrelated settings, reducing the score slightly.",True,
os_17,os_config,llama3.1:8B,qwen2.5:7B,True,4,False,,"The AI correctly identified the core issue of 'net.ipv4.conf.all.send_redirects' being set to 1, which is not in compliance with the ground truth. However, the AI provided additional findings that were not specified in the ground truth.",True,
os_18,os_config,llama3.1:8B,qwen2.5:7B,True,4,False,,The AI correctly identified the misconfiguration for `net.ipv4.conf.all.accept_redirects` but its reasoning about `net.ipv4.conf.all.send_redirects` and some other settings could be improved.,True,
os_19,os_config,llama3.1:8B,qwen2.5:7B,True,5,False,,The AI correctly identified the misconfiguration for 'net.ipv4.conf.all.accept_source_route' and aligned with the ground truth. The response is well-structured and relevant.,True,
os_20,os_config,llama3.1:8B,qwen2.5:7B,True,5,False,,The AI correctly identified the issue with `net.ipv4.icmp_echo_ignore_broadcasts` and provided the correct recommended value as per the ground truth.,True,
os_21,os_config,llama3.1:8B,qwen2.5:7B,True,5,False,,"The AI correctly identified the core issue of 'net.ipv4.conf.all.log_martians' being set to 0 instead of 1, aligning with the ground truth.",True,
os_22,os_config,llama3.1:8B,qwen2.5:7B,False,2,True,AI provided reasoning about other settings not mentioned in the ground truth.,"AI's response included analysis of settings not mentioned in the ground truth, and did not correctly identify the specific issue with 'net.ipv4.tcp_syncookies'.",True,
os_23,os_config,llama3.1:8B,qwen2.5:7B,False,2,True,"The AI identified incorrect settings for `net.ipv4.ip_forward` and `net.ipv6.conf.all.accept_ra`, which are not related to the `kernel.randomize_va_space` setting.",The AI failed to correctly identify the core issue regarding `kernel.randomize_va_space` and introduced unrelated misconfigurations.,True,
os_24,os_config,llama3.1:8B,qwen2.5:7B,False,2,True,"The AI suggested multiple misconfigurations for settings not mentioned in the ground truth, such as 'net.ipv4.ip_forward', 'net.ipv4.conf.all.send_redirects', and others. It also incorrectly identified 'net.ipv6.conf.all.accept_ra' as a misconfiguration when the ground truth suggests keeping it at '1'.",The AI identified some misconfigurations but incorrectly suggested several unrelated settings and misinterpreted the ground truth.,True,
os_25,os_config,llama3.1:8B,qwen2.5:7B,True,5,False,,The AI correctly identified the issue with `net.ipv4.conf.all.rp_filter` and aligned with the ground truth.,True,
k8s_02,k8s_manifest,gemma2:9B,qwen2.5:7B,True,5,False,,The AI correctly identified the issue of hostPID being set to true and aligned it with the relevant CIS Kubernetes Benchmark control. The response does not contain any unsupported facts.,True,
k8s_03,k8s_manifest,gemma2:9B,qwen2.5:7B,True,5,False,,"The AI correctly identified the core security issue of `spec.hostNetwork: true` and provided a well-justified reasoning, aligning with the ground truth.",True,
k8s_04,k8s_manifest,gemma2:9B,qwen2.5:7B,True,5,False,,The AI correctly identified the core security issue and aligned it with the correct CIS control ID.,True,
k8s_05,k8s_manifest,gemma2:9B,qwen2.5:7B,True,5,False,,"The AI correctly identified the issue with 'allowPrivilegeEscalation: true' and provided a detailed explanation of the risk and recommended fix, aligning with the ground truth.",True,
k8s_10,k8s_manifest,gemma2:9B,qwen2.5:7B,True,5,False,,"The AI correctly identified the issue of granting 'system:authenticated' access to secrets, which aligns with the ground truth.",True,
k8s_11,k8s_manifest,gemma2:9B,qwen2.5:7B,True,5,False,,"The AI correctly identified the issue of the roleRef pointing to cluster-admin, which is a misconfiguration granting excessive privileges, and provided a clear recommendation to fix it.",True,
k8s_15,k8s_manifest,gemma2:9B,qwen2.5:7B,True,5,False,,"The AI correctly identified that the podSelector was not specified, which aligns with the ground truth.",True,
os_03,os_config,gemma2:9B,qwen2.5:7B,True,5,False,,"The AI correctly identified the issue with 'disk_full_action:halt' and aligned it with the ground truth, suggesting an alternative 'ignore' action.",True,
os_04,os_config,gemma2:9B,qwen2.5:7B,True,5,False,,"The AI correctly identified the core issue of `disk_full_action` being set to `ignore` and not `halt`, aligning with the ground truth.",True,
os_07,os_config,gemma2:9B,qwen2.5:7B,True,5,False,,"The AI correctly identified the core issue of PermitRootLogin being set to 'yes', which aligns with the ground truth. The reasoning and the misconfiguration details provided are accurate and relevant.",True,
os_08,os_config,gemma2:9B,qwen2.5:7B,True,5,False,,"The AI correctly identified the core security issue of `PasswordAuthentication` being set to `yes` and recommended changing it to `no`, aligning with the ground truth.",True,
os_09,os_config,gemma2:9B,qwen2.5:7B,True,4,False,,"The AI correctly identified the issue with X11 forwarding but did not mention the specific CIS control number (5.1.11) as in the ground truth. The overall quality of the diagnosis is good, but there is room for improvement in matching the exact CIS control.",True,
os_14,os_config,gemma2:9B,qwen2.5:7B,True,5,False,,The AI correctly identified the 'IgnoreRhosts' setting and aligned it with the correct CIS control (5.1.14). The response is comprehensive and aligned with the ground truth without any unsupported or fabricated facts.,True,
os_15,os_config,gemma2:9B,qwen2.5:7B,True,5,False,,"The AI correctly identified the 'LoginGraceTime' setting and its alignment with CIS Benchmark best practices, as per the ground truth.",True,
os_16,os_config,gemma2:9B,qwen2.5:7B,True,5,False,,"The AI correctly identified the core security issue of IP forwarding being enabled (net.ipv4.ip_forward: 1) and aligned the rest of the settings with the CIS benchmarks, justifying the findings without introducing unsupported facts.",True,
os_17,os_config,gemma2:9B,qwen2.5:7B,True,5,False,,The AI correctly identified the core security issue and provided a relevant CIS control ID. The response is well-structured and aligned with the ground truth.,True,
os_18,os_config,gemma2:9B,qwen2.5:7B,True,5,False,,The AI correctly identified the core security issue with `net.ipv4.conf.all.accept_redirects` and provided a clear reasoning aligned with the ground truth.,True,
os_19,os_config,gemma2:9B,qwen2.5:7B,True,5,False,,The AI correctly identified the issue with 'net.ipv4.conf.all.accept_source_route' and provided accurate reasoning and alignment with the ground truth.,True,
os_20,os_config,gemma2:9B,qwen2.5:7B,True,5,False,,"The AI correctly identified the core security issue with `net.ipv4.icmp_echo_ignore_broadcasts: 0` and aligned it with the provided ground truth, suggesting it should be set to 1. The AI's analysis of other settings was detailed but not directly relevant to the specific issue at hand.",True,
os_21,os_config,gemma2:9B,qwen2.5:7B,True,5,False,,"The AI correctly identified the misconfiguration of `net.ipv4.conf.all.log_martians:0` as the issue, aligning with the ground truth.",True,
os_22,os_config,gemma2:9B,qwen2.5:7B,True,5,False,,The AI correctly identified the core issue of `net.ipv4.tcp_syncookies` being set to `0` and provided a relevant justification for why this is not in line with CIS Benchmark best practices.,True,
os_23,os_config,gemma2:9B,qwen2.5:7B,True,4,False,,"The AI correctly identified the issue with `kernel.randomize_va_space:0`, although it did not provide the exact CIS control ID. The reasoning and suggested best practices align with the ground truth.",True,
os_24,os_config,gemma2:9B,qwen2.5:7B,False,2,True,"The AI did not address the specific issue of net.ipv6.conf.all.accept_ra, which is mentioned in the ground truth.","The AI's response missed the specific issue highlighted in the ground truth, focusing instead on a different set of sysctl parameters. While the overall approach and analysis seem sound, the omission of the key finding is a significant oversight.",True,
os_25,os_config,gemma2:9B,qwen2.5:7B,True,4,False,,"The AI correctly identified the core issue of `net.ipv4.conf.all.rp_filter` being set to 0 instead of 1, aligned with the ground truth. However, the response is overly detailed and includes multiple settings not related to the ground truth.",True,
k8s_02,k8s_manifest,mistral:7B,qwen2.5:7B,True,5,False,,The AI correctly identified the issue with `spec.hostPID` and provided the correct CIS control ID.,True,
k8s_03,k8s_manifest,mistral:7B,qwen2.5:7B,True,5,False,,The AI correctly identified the issue with `spec.hostNetwork` and provided the relevant CIS control ID and recommendation. The other findings are also accurate and well-reasoned.,True,
k8s_04,k8s_manifest,mistral:7B,qwen2.5:7B,True,5,False,,"The AI correctly identified the need to set 'runAsNonRoot' to true, which aligns with the ground truth. The other findings and reasoning are accurate and relevant.",True,
k8s_05,k8s_manifest,mistral:7B,qwen2.5:7B,True,5,False,,The AI correctly identified the core security issue with 'allowPrivilegeEscalation' and provided relevant CIS control information.,True,
k8s_10,k8s_manifest,mistral:7B,qwen2.5:7B,False,2,True,"AI stated that the manifest defines a ClusterRole and ClusterRoleBinding, but the ground truth only mentions 'subject kind' and 'group'.",AI's response does not correctly identify the same core issue as the ground truth and introduces new elements (ClusterRole and ClusterRoleBinding) that were not present in the manifest described by the ground truth.,True,
k8s_11,k8s_manifest,mistral:7B,qwen2.5:7B,True,5,False,,The AI correctly identified the issue of excessive privileges granted to the app-sa service account and aligned with the ground truth regarding the roleRef.name being set to cluster-admin. The diagnosis is well-justified and accurate.,True,
k8s_15,k8s_manifest,mistral:7B,qwen2.5:7B,True,5,False,,The AI correctly identified the core issue of the `podSelector` not being specified and provided appropriate recommendations based on the CIS Kubernetes Benchmark.,True,
os_03,os_config,mistral:7B,qwen2.5:7B,True,5,False,,The AI correctly identified the issue with 'admin_space_left_action' and aligned it with the ground truth. The analysis and recommendations were also well-justified.,True,
os_04,os_config,mistral:7B,qwen2.5:7B,True,4,False,,"The AI correctly identified the issue with 'disk_full_action' and provided a similar but not identical rationale, which aligns with the ground truth.",True,
os_07,os_config,mistral:7B,qwen2.5:7B,True,4,False,,"The AI correctly identified the core security issue of 'PermitRootLogin' being set to 'yes' and noted it as a misconfiguration. The overall quality of the diagnosis is good, but could be more aligned with the exact CIS Benchmark control.",True,
os_08,os_config,mistral:7B,qwen2.5:7B,False,2,True,The AI incorrectly identified 'PermitRootLogin' as a misconfiguration when the ground truth is about 'PasswordAuthentication'.,"The AI failed to identify the correct setting but listed other controls accurately, indicating a hallucination in the response.",True,
os_09,os_config,mistral:7B,qwen2.5:7B,True,4,False,,"The AI correctly identified the X11Forwarding setting as a misconfiguration, aligning with the ground truth. However, it provided additional findings that were not requested.",True,
os_14,os_config,mistral:7B,qwen2.5:7B,True,4,False,,"The AI correctly identified the 'IgnoreRhosts' setting as misconfigured, but it recommended enabling 'yes' instead of the correct 'no'. The overall quality is good, but the recommendation is incorrect.",True,
os_15,os_config,mistral:7B,qwen2.5:7B,False,2,True,AI did not mention the 'LoginGraceTime' setting which is the correct finding according to the ground truth.,"AI failed to identify the specific issue related to 'LoginGraceTime' as mentioned in the ground truth, but provided accurate analysis for other settings.",True,
os_16,os_config,mistral:7B,qwen2.5:7B,False,2,True,"The AI mentioned settings that were not part of the ground truth (e.g., 'net.ipv4.conf.all.send_redirects:0', 'net.ipv4.conf.all.accept_redirects:0', 'net.ipv4.conf.all.accept_source_route:0') and did not address 'net.ipv4.ip_forward:1' which was the only issue in the ground truth.","The AI missed the key issue and included irrelevant settings, reducing its accuracy.",True,
os_17,os_config,mistral:7B,qwen2.5:7B,True,4,False,,"The AI correctly identified the issue with `net.ipv4.conf.all.send_redirects` and provided the correct CIS control ID and recommendation. However, it did not address the specific requirement mentioned in the ground truth for `net.ipv4.conf.all.send_redirects:1 not 0`.",True,
os_18,os_config,mistral:7B,qwen2.5:7B,False,2,True,"The AI incorrectly states that 'net.ipv4.conf.all.send_redirects' should be set to '0', which is not relevant to the ground truth provided.",The AI did not correctly identify the core security issue related to 'net.ipv4.conf.all.accept_redirects'. It also introduced an incorrect setting ('net.ipv4.conf.all.send_redirects') in its analysis.,True,
os_19,os_config,mistral:7B,qwen2.5:7B,True,5,False,,"The AI correctly identified the core issue of 'net.ipv4.conf.all.accept_source_route:1' as not recommended according to the CIS Benchmark, which aligns with the ground truth.",True,
os_20,os_config,mistral:7B,qwen2.5:7B,False,2,True,AI provided misconfigurations for settings not mentioned in the ground truth.,AI did not correctly identify the specific issue mentioned in the ground truth and included settings not related to the given example.,True,
os_21,os_config,mistral:7B,qwen2.5:7B,True,5,False,,"The AI correctly identified the misconfiguration and provided the right recommendation, aligning with the ground truth.",True,
os_22,os_config,mistral:7B,qwen2.5:7B,False,2,True,"The AI incorrectly identified multiple misconfigurations not present in the ground truth, such as 'kernel.randomize_va_space' and 'net.ipv4.conf.all.send_redirects'.","The AI identified a misconfiguration for 'net.ipv4.tcp_syncookies' but incorrectly added other settings not present in the ground truth, leading to inaccurate findings.",True,
os_23,os_config,mistral:7B,qwen2.5:7B,True,4,False,,"The AI correctly identified the misconfiguration for kernel.randomize_va_space and provided the appropriate CIS control ID, though it omitted the value '2'.",True,
os_24,os_config,mistral:7B,qwen2.5:7B,False,2,True,"AI omitted the critical finding related to net.ipv6.conf.all.accept_ra, and provided irrelevant details about IPv4 settings.",AI missed the critical finding related to net.ipv6.conf.all.accept_ra and provided a lengthy but unrelated analysis on IPv4 settings.,True,
os_25,os_config,mistral:7B,qwen2.5:7B,True,4,False,,"The AI correctly identified the core issue of `net.ipv4.conf.all.rp_filter` being set to 0 instead of 1, matching the ground truth. However, the AI did not provide a direct recommendation for this specific setting, which slightly reduces the score.",True,
